dataset,MAE,RMSE,R²,R,Accuracy
Best Model,0.20431766923076924,0.2637636916307159,0.9826071787443341,0.9918414552044653,0.9230769230769231
Pre-Calibration,1.965,2.4869660230891775,-0.5122249388753055,0.25180371579002764,0.185
Post-Calibration,2.295,2.7955321496988725,-0.6663113006396588,0.05575073952683166,0.12
