{
  "efficientnet_b0_baseline": {
    "fold_results": [
      0.47991983294487,
      0.45748965504268807,
      0.45926233753561974
    ],
    "mean": 0.4655572751743926,
    "std": 0.010181614151266725
  },
  "resnet18_baseline": {
    "fold_results": [
      0.3387544143199921,
      0.36261223753293353,
      0.35984849743545055
    ],
    "mean": 0.3537383830961254,
    "std": 0.010655172610668557
  },
  "resnet50_baseline": {
    "fold_results": [
      0.36989531755447386,
      0.4691338563958804,
      0.37932288895050686
    ],
    "mean": 0.406117354300287,
    "std": 0.04472530549834002
  },
  "resnet101_baseline": {
    "fold_results": [
      0.4298436188697815,
      0.39539678891499835,
      0.41021298182507354
    ],
    "mean": 0.4118177965366178,
    "std": 0.014108569409575826
  },
  "vit_b_16_baseline": {
    "fold_results": [
      0.24522481322288514,
      0.3352855524669091,
      0.2603405360132456
    ],
    "mean": 0.2802836339010133,
    "std": 0.03937875529872956
  },
  "swin_t_baseline": {
    "fold_results": [
      0.3020181626081467,
      0.32618001600106555,
      0.3538408074527979
    ],
    "mean": 0.3273463286873367,
    "std": 0.02117257414101761
  },
  "swin_b_baseline": {
    "fold_results": [
      0.4269532138109207,
      0.36649518832564354,
      0.309534623598059
    ],
    "mean": 0.3676610085782077,
    "std": 0.04794302649701312
  },
  "convnext_t_baseline": {
    "fold_results": [
      0.18985803961753844,
      0.2764458196858565,
      0.3002572801584999
    ],
    "mean": 0.25552037982063164,
    "std": 0.04743700105171155
  },
  "convnext_b_baseline": {
    "fold_results": [
      0.304256953895092,
      0.29430825139085454,
      0.28736127602557343
    ],
    "mean": 0.29530882710384,
    "std": 0.006933822730437476
  },
  "efficientnet_b0_late": {
    "fold_results": [
      0.5196103179454803,
      0.49599406868219376,
      0.6083139088004827
    ],
    "mean": 0.5413060984760523,
    "std": 0.04835264067709615
  },
  "efficientnet_b0_feature": {
    "fold_results": [
      0.45992793023586276,
      0.44857839743296307,
      0.4954257719218731
    ],
    "mean": 0.467977366530233,
    "std": 0.01995435111479679
  },
  "resnet18_late": {
    "fold_results": [
      0.37378599762916564,
      0.3608900277564923,
      0.37020281453927356
    ],
    "mean": 0.3682929466416438,
    "std": 0.005435206606255305
  },
  "resnet18_feature": {
    "fold_results": [
      0.2689261484146118,
      0.27639211372782785,
      0.3181287633876006
    ],
    "mean": 0.2878156751766801,
    "std": 0.02165021396625327
  },
  "resnet50_late": {
    "fold_results": [
      0.2784730851650238,
      0.43103268183767796,
      0.481646116822958
    ],
    "mean": 0.3970506279418866,
    "std": 0.08635548694592346
  },
  "resnet50_feature": {
    "fold_results": [
      0.4103021138906479,
      0.4548923869927724,
      0.4109083128472169
    ],
    "mean": 0.42536760457687905,
    "std": 0.020878640629809837
  },
  "resnet101_late": {
    "fold_results": [
      0.401761582493782,
      0.3709547780454159,
      0.3226718759785096
    ],
    "mean": 0.36512941217256917,
    "std": 0.03254992662390477
  },
  "resnet101_feature": {
    "fold_results": [
      0.29714061200618747,
      0.362703329573075,
      0.44460159291823703
    ],
    "mean": 0.3681485114991665,
    "std": 0.060323697541083236
  },
  "vit_b_16_late": {
    "fold_results": [
      0.2691635984182358,
      0.3837087048838536,
      0.22874359289805093
    ],
    "mean": 0.29387196540004673,
    "std": 0.06563243117226919
  },
  "vit_b_16_feature": {
    "fold_results": [
      0.3501983082294464,
      0.3894015761713187,
      0.34589498055477935
    ],
    "mean": 0.3618316216518482,
    "std": 0.01957390186656959
  },
  "swin_t_late": {
    "fold_results": [
      0.2778294217586517,
      0.27627826637278,
      0.2859403546899557
    ],
    "mean": 0.2800160142737958,
    "std": 0.0042367344171888545
  },
  "swin_t_feature": {
    "fold_results": [
      0.31107675611972807,
      0.2838286776095629,
      0.3382693895449241
    ],
    "mean": 0.3110582744247383,
    "std": 0.022225331421406407
  },
  "swin_b_late": {
    "fold_results": [
      0.34074950456619263,
      0.2573690839732687,
      0.43381317394475144
    ],
    "mean": 0.3439772541614043,
    "std": 0.07206914733806331
  },
  "swin_b_feature": {
    "fold_results": [
      0.37222504675388335,
      0.2670778486256798,
      0.3175319144502282
    ],
    "mean": 0.31894493660993045,
    "std": 0.042937790598886826
  },
  "convnext_t_late": {
    "fold_results": [
      0.19132957905530928,
      0.2056913316870729,
      0.19376362301409245
    ],
    "mean": 0.1969281779188249,
    "std": 0.006275656166106823
  },
  "convnext_t_feature": {
    "fold_results": [
      0.15823166579008102,
      0.16363127902150154,
      0.1937217228114605
    ],
    "mean": 0.1718615558743477,
    "std": 0.015613864130980152
  },
  "convnext_b_late": {
    "fold_results": [
      0.2171177512407303,
      0.22489986723909774,
      0.23636564364035925
    ],
    "mean": 0.22612775404006244,
    "std": 0.007905741371683029
  },
  "convnext_b_feature": {
    "fold_results": [
      0.3175263500213623,
      0.1887308768928051,
      0.3038675853361686
    ],
    "mean": 0.2700416040834453,
    "std": 0.05776513498864412
  }
}