{
  "efficientnet_b0_late": {
    "fold_results": [
      0.7195616364479065,
      0.757536206394434,
      0.7619726732373238
    ],
    "mean": 0.7463568386932214,
    "std": 0.01903343911886853
  },
  "efficientnet_b0_feature": {
    "fold_results": [
      0.7696368062496185,
      0.7812762043128411,
      0.8233958904941877
    ],
    "mean": 0.7914363003522157,
    "std": 0.023093006854177887
  },
  "resnet18_late": {
    "fold_results": [
      0.7498361718654633,
      0.7060637436807156,
      0.7091337839762369
    ],
    "mean": 0.7216778998408052,
    "std": 0.019950313270974122
  },
  "resnet18_feature": {
    "fold_results": [
      0.7214204573631287,
      0.6335810335973898,
      0.7012677043676376
    ],
    "mean": 0.6854230651093854,
    "std": 0.037569762103695156
  },
  "resnet50_late": {
    "fold_results": [
      0.6943138980865479,
      0.7497190994520982,
      0.7241369610031446
    ],
    "mean": 0.7227233195139302,
    "std": 0.022641155319231065
  },
  "resnet50_feature": {
    "fold_results": [
      0.807002774477005,
      0.7893843005100886,
      0.7512362897396088
    ],
    "mean": 0.7825411215755674,
    "std": 0.02327512303496255
  },
  "resnet101_late": {
    "fold_results": [
      0.7249081480503082,
      0.7232400054732958,
      0.684538159519434
    ],
    "mean": 0.7108954376810127,
    "std": 0.01864984823851453
  },
  "resnet101_feature": {
    "fold_results": [
      0.7653413891792298,
      0.6864586621522903,
      0.6747887215266625
    ],
    "mean": 0.7088629242860609,
    "std": 0.040219478084365254
  },
  "vit_b_16_late": {
    "fold_results": [
      0.6800212514400482,
      0.6967533677816391,
      0.6208007571597894
    ],
    "mean": 0.6658584587938257,
    "std": 0.032584641440649105
  },
  "vit_b_16_feature": {
    "fold_results": [
      0.6385218226909637,
      0.6909868456423283,
      0.6112128924578428
    ],
    "mean": 0.6469071869303783,
    "std": 0.03310293694665029
  },
  "swin_t_late": {
    "fold_results": [
      0.6283324098587036,
      0.6047234622140726,
      0.677299032608668
    ],
    "mean": 0.6367849682271481,
    "std": 0.030225680711983838
  },
  "swin_t_feature": {
    "fold_results": [
      0.6559028470516205,
      0.6645675227046013,
      0.6390105163057646
    ],
    "mean": 0.6531602953539956,
    "std": 0.010612299040206602
  },
  "swin_b_late": {
    "fold_results": [
      0.6387295937538147,
      0.633385568857193,
      0.6665015071630478
    ],
    "mean": 0.6462055565913518,
    "std": 0.014516286433530964
  },
  "swin_b_feature": {
    "fold_results": [
      0.6762977457046508,
      0.679155770689249,
      0.7431701831519604
    ],
    "mean": 0.6995412331819534,
    "std": 0.03087238283986919
  },
  "convnext_t_late": {
    "fold_results": [
      0.6115761816501617,
      0.6138660038510958,
      0.638520090530316
    ],
    "mean": 0.6213207586771912,
    "std": 0.01219763866692808
  },
  "convnext_t_feature": {
    "fold_results": [
      0.613039448261261,
      0.6163510419428349,
      0.6141390192011992
    ],
    "mean": 0.6145098364684317,
    "std": 0.0013771449360224226
  },
  "convnext_b_late": {
    "fold_results": [
      0.6448645102977753,
      0.6053809225559235,
      0.6095439145962397
    ],
    "mean": 0.6199297824833128,
    "std": 0.017713236370351777
  },
  "convnext_b_feature": {
    "fold_results": [
      0.5810143268108368,
      0.5793180949985981,
      0.6694677571455637
    ],
    "mean": 0.6099333929849995,
    "std": 0.04210284778644009
  }
}