{
  "efficientnet_b0_top_view": {
    "fold_results": [
      1.0474756818551283,
      1.0274015267690022,
      1.0068656553824742
    ],
    "mean": 1.0272476213355348,
    "std": 0.01657933106188254
  },
  "resnet18_top_view": {
    "fold_results": [
      0.9969351887702942,
      0.9398244072993597,
      0.8789124439160029
    ],
    "mean": 0.9385573466618856,
    "std": 0.048190913097315796
  },
  "resnet50_top_view": {
    "fold_results": [
      1.1072184030826275,
      1.046084349354108,
      0.9914388209581375
    ],
    "mean": 1.0482471911316245,
    "std": 0.047291551906912574
  },
  "resnet101_top_view": {
    "fold_results": [
      0.9905390372643104,
      1.0065297484397888,
      0.9729503293832144
    ],
    "mean": 0.9900063716957712,
    "std": 0.013713913749672617
  },
  "vit_b_16_top_view": {
    "fold_results": [
      0.7636624482961801,
      0.7531356165806452,
      0.713521512846152
    ],
    "mean": 0.7434398592409924,
    "std": 0.021587560225633746
  },
  "swin_t_top_view": {
    "fold_results": [
      0.81607386469841,
      0.8497616549332937,
      0.8947581375638644
    ],
    "mean": 0.8535312190651894,
    "std": 0.0322331186762898
  },
  "swin_b_top_view": {
    "fold_results": [
      0.9164750507244697,
      0.9014379133780798,
      0.8602475052078565
    ],
    "mean": 0.892720156436802,
    "std": 0.02376809743151659
  },
  "convnext_t_top_view": {
    "fold_results": [
      0.8539766210776109,
      0.8443276286125183,
      0.7977391853928566
    ],
    "mean": 0.8320144783609953,
    "std": 0.024554328130856475
  },
  "convnext_b_top_view": {
    "fold_results": [
      0.7534516132794894,
      0.8511858880519867,
      0.8299349298079809
    ],
    "mean": 0.8115241437131524,
    "std": 0.041969948771302626
  }
}