Model,MAE,RMSE,Parameters (M),Best Epoch
Baseline (ResNet50),0.48339416758044734,0.6249458750582966,23.510081,24
Late Fusion,0.42753913114359093,0.5282394002858187,47.020162,30
Feature Fusion,0.4667125743824047,0.5776796002868511,49.114241,20
